Code du département;Libellé du département;Inscrits;Abstentions;% Abs/Ins;Votants;% Vot/Ins;Blancs et nuls;% BlNuls/Ins;% BlNuls/Vot;Exprimés;% Exp/Ins;% Exp/Vot;Sexe;Nom;Prénom;Voix;% Voix/Ins;% Voix/Exp;Sexe;Nom;Prénom;Voix;% Voix/Ins;% Voix/Exp
1;AIN;393866;67279;17.08;326587;82.92;19513;4.95;5.97;307074;77.96;94.03;M;HOLLANDE;François;131333;33.34;42.77;M;SARKOZY;Nicolas;175741;44.62;57.23
2;AISNE;376073;73997;19.68;302076;80.32;21056;5.6;6.97;281020;74.72;93.03;M;HOLLANDE;François;147260;39.16;52.4;M;SARKOZY;Nicolas;133760;35.57;47.6
3;ALLIER;256211;45079;17.59;211132;82.41;14924;5.82;7.07;196208;76.58;92.93;M;HOLLANDE;François;111615;43.56;56.89;M;SARKOZY;Nicolas;84593;33.02;43.11
4;ALPES DE HAUTE PROVENCE;123895;20314;16.4;103581;83.6;6639;5.36;6.41;96942;78.25;93.59;M;HOLLANDE;François;49498;39.95;51.06;M;SARKOZY;Nicolas;47444;38.29;48.94
5;HAUTES ALPES;106875;17470;16.35;89405;83.65;6025;5.64;6.74;83380;78.02;93.26;M;HOLLANDE;François;42435;39.71;50.89;M;SARKOZY;Nicolas;40945;38.31;49.11
6;ALPES MARITIMES;745493;146254;19.62;599239;80.38;30067;4.03;5.02;569172;76.35;94.98;M;HOLLANDE;François;203117;27.25;35.69;M;SARKOZY;Nicolas;366055;49.1;64.31
7;ARDECHE;243351;39421;16.2;203930;83.8;13975;5.74;6.85;189955;78.06;93.15;M;HOLLANDE;François;101526;41.72;53.45;M;SARKOZY;Nicolas;88429;36.34;46.55
8;ARDENNES;196603;40542;20.62;156061;79.38;10308;5.24;6.61;145753;74.14;93.39;M;HOLLANDE;François;75631;38.47;51.89;M;SARKOZY;Nicolas;70122;35.67;48.11
9;ARIEGE;116357;18024;15.49;98333;84.51;6415;5.51;6.52;91918;79;93.48;M;HOLLANDE;François;59466;51.11;64.69;M;SARKOZY;Nicolas;32452;27.89;35.31
10;AUBE;203585;38410;18.87;165175;81.13;11413;5.61;6.91;153762;75.53;93.09;M;HOLLANDE;François;65549;32.2;42.63;M;SARKOZY;Nicolas;88213;43.33;57.37
11;AUDE;263998;43300;16.4;220698;83.6;15547;5.89;7.04;205151;77.71;92.96;M;HOLLANDE;François;115400;43.71;56.25;M;SARKOZY;Nicolas;89751;34;43.75
12;AVEYRON;218289;31109;14.25;187180;85.75;12072;5.53;6.45;175108;80.22;93.55;M;HOLLANDE;François;95302;43.66;54.42;M;SARKOZY;Nicolas;79806;36.56;45.58
13;BOUCHES DU RHONE;1314755;250778;19.07;1063977;80.93;57621;4.38;5.42;1006356;76.54;94.58;M;HOLLANDE;François;474704;36.11;47.17;M;SARKOZY;Nicolas;531652;40.44;52.83
14;CALVADOS;490680;81197;16.55;409483;83.45;22535;4.59;5.5;386948;78.86;94.5;M;HOLLANDE;François;205544;41.89;53.12;M;SARKOZY;Nicolas;181404;36.97;46.88
15;CANTAL;120931;19078;15.78;101853;84.22;6213;5.14;6.1;95640;79.09;93.9;M;HOLLANDE;François;49543;40.97;51.8;M;SARKOZY;Nicolas;46097;38.12;48.2
16;CHARENTE;260728;46131;17.69;214597;82.31;13849;5.31;6.45;200748;77;93.55;M;HOLLANDE;François;118100;45.3;58.83;M;SARKOZY;Nicolas;82648;31.7;41.17
17;CHARENTE MARITIME;472024;83316;17.65;388708;82.35;23377;4.95;6.01;365331;77.4;93.99;M;HOLLANDE;François;188387;39.91;51.57;M;SARKOZY;Nicolas;176944;37.49;48.43
18;CHER;231015;45785;19.82;185230;80.18;13414;5.81;7.24;171816;74.37;92.76;M;HOLLANDE;François;92857;40.2;54.04;M;SARKOZY;Nicolas;78959;34.18;45.96
19;CORREZE;186621;25469;13.65;161152;86.35;8886;4.76;5.51;152266;81.59;94.49;M;HOLLANDE;François;98764;52.92;64.86;M;SARKOZY;Nicolas;53502;28.67;35.14
2A;CORSE SUD;101674;24675;24.27;76999;75.73;4373;4.3;5.68;72626;71.43;94.32;M;HOLLANDE;François;30791;30.28;42.4;M;SARKOZY;Nicolas;41835;41.15;57.6
2B;HAUTE CORSE;118641;27471;23.15;91170;76.85;4848;4.09;5.32;86322;72.76;94.68;M;HOLLANDE;François;39357;33.17;45.59;M;SARKOZY;Nicolas;46965;39.59;54.41
21;COTE D'OR;354805;58860;16.59;295945;83.41;17452;4.92;5.9;278493;78.49;94.1;M;HOLLANDE;François;134936;38.03;48.45;M;SARKOZY;Nicolas;143557;40.46;51.55
22;COTES D'ARMOR;451014;62540;13.87;388474;86.13;20835;4.62;5.36;367639;81.51;94.64;M;HOLLANDE;François;217609;48.25;59.19;M;SARKOZY;Nicolas;150030;33.27;40.81
23;CREUSE;96857;16141;16.66;80716;83.34;5540;5.72;6.86;75176;77.62;93.14;M;HOLLANDE;François;45870;47.36;61.02;M;SARKOZY;Nicolas;29306;30.26;38.98
24;DORDOGNE;311783;43928;14.09;267855;85.91;17564;5.63;6.56;250291;80.28;93.44;M;HOLLANDE;François;148011;47.47;59.14;M;SARKOZY;Nicolas;102280;32.8;40.86
25;DOUBS;359184;60128;16.74;299056;83.26;19202;5.35;6.42;279854;77.91;93.58;M;HOLLANDE;François;134575;37.47;48.09;M;SARKOZY;Nicolas;145279;40.45;51.91
26;DROME;353114;60130;17.03;292984;82.97;18589;5.26;6.34;274395;77.71;93.66;M;HOLLANDE;François;134959;38.22;49.18;M;SARKOZY;Nicolas;139436;39.49;50.82
27;EURE;417805;77533;18.56;340272;81.44;21996;5.26;6.46;318276;76.18;93.54;M;HOLLANDE;François;151327;36.22;47.55;M;SARKOZY;Nicolas;166949;39.96;52.45
28;EURE ET LOIR;297762;55751;18.72;242011;81.28;14883;5;6.15;227128;76.28;93.85;M;HOLLANDE;François;105676;35.49;46.53;M;SARKOZY;Nicolas;121452;40.79;53.47
29;FINISTERE;676503;103877;15.35;572626;84.65;29355;4.34;5.13;543271;80.31;94.87;M;HOLLANDE;François;319789;47.27;58.86;M;SARKOZY;Nicolas;223482;33.03;41.14
30;GARD;513007;88196;17.19;424811;82.81;28329;5.52;6.67;396482;77.29;93.33;M;HOLLANDE;François;193487;37.72;48.8;M;SARKOZY;Nicolas;202995;39.57;51.2
31;HAUTE GARONNE;845444;145128;17.17;700316;82.83;38855;4.6;5.55;661461;78.24;94.45;M;HOLLANDE;François;388800;45.99;58.78;M;SARKOZY;Nicolas;272661;32.25;41.22
32;GERS;143775;19903;13.84;123872;86.16;8044;5.59;6.49;115828;80.56;93.51;M;HOLLANDE;François;65606;45.63;56.64;M;SARKOZY;Nicolas;50222;34.93;43.36
33;GIRONDE;1007800;166661;16.54;841139;83.46;48639;4.83;5.78;792500;78.64;94.22;M;HOLLANDE;François;448634;44.52;56.61;M;SARKOZY;Nicolas;343866;34.12;43.39
34;HERAULT;746809;132096;17.69;614713;82.31;37051;4.96;6.03;577662;77.35;93.97;M;HOLLANDE;François;296422;39.69;51.31;M;SARKOZY;Nicolas;281240;37.66;48.69
35;ILLE ET VILAINE;697094;108520;15.57;588574;84.43;30542;4.38;5.19;558032;80.05;94.81;M;HOLLANDE;François;310905;44.6;55.71;M;SARKOZY;Nicolas;247127;35.45;44.29
36;INDRE;173772;31070;17.88;142702;82.12;10443;6.01;7.32;132259;76.11;92.68;M;HOLLANDE;François;73616;42.36;55.66;M;SARKOZY;Nicolas;58643;33.75;44.34
37;INDRE ET LOIRE;412935;70596;17.1;342339;82.9;19672;4.76;5.75;322667;78.14;94.25;M;HOLLANDE;François;165293;40.03;51.23;M;SARKOZY;Nicolas;157374;38.11;48.77
38;ISERE;821554;147791;17.99;673763;82.01;37886;4.61;5.62;635877;77.4;94.38;M;HOLLANDE;François;331448;40.34;52.12;M;SARKOZY;Nicolas;304429;37.06;47.88
39;JURA;188216;30754;16.34;157462;83.66;11137;5.92;7.07;146325;77.74;92.93;M;HOLLANDE;François;72321;38.42;49.42;M;SARKOZY;Nicolas;74004;39.32;50.58
40;LANDES;296719;44940;15.15;251779;84.85;15115;5.09;6;236664;79.76;94;M;HOLLANDE;François;134872;45.45;56.99;M;SARKOZY;Nicolas;101792;34.31;43.01
41;LOIR ET CHER;243119;42153;17.34;200966;82.66;13509;5.56;6.72;187457;77.11;93.28;M;HOLLANDE;François;89182;36.68;47.57;M;SARKOZY;Nicolas;98275;40.42;52.43
42;LOIRE;509732;93595;18.36;416137;81.64;26994;5.3;6.49;389143;76.34;93.51;M;HOLLANDE;François;196522;38.55;50.5;M;SARKOZY;Nicolas;192621;37.79;49.5
43;HAUTE LOIRE;176028;27456;15.6;148572;84.4;11381;6.47;7.66;137191;77.94;92.34;M;HOLLANDE;François;70488;40.04;51.38;M;SARKOZY;Nicolas;66703;37.89;48.62
44;LOIRE ATLANTIQUE;935620;150397;16.07;785223;83.93;40846;4.37;5.2;744377;79.56;94.8;M;HOLLANDE;François;419484;44.83;56.35;M;SARKOZY;Nicolas;324893;34.72;43.65
45;LOIRET;442970;79862;18.03;363108;81.97;23148;5.23;6.37;339960;76.75;93.63;M;HOLLANDE;François;156289;35.28;45.97;M;SARKOZY;Nicolas;183671;41.46;54.03
46;LOT;135211;18091;13.38;117120;86.62;7277;5.38;6.21;109843;81.24;93.79;M;HOLLANDE;François;67981;50.28;61.89;M;SARKOZY;Nicolas;41862;30.96;38.11
47;LOT ET GARONNE;240698;38053;15.81;202645;84.19;14216;5.91;7.02;188429;78.28;92.98;M;HOLLANDE;François;96766;40.2;51.35;M;SARKOZY;Nicolas;91663;38.08;48.65
48;LOZERE;59885;8378;13.99;51507;86.01;3480;5.81;6.76;48027;80.2;93.24;M;HOLLANDE;François;23991;40.06;49.95;M;SARKOZY;Nicolas;24036;40.14;50.05
49;MAINE ET LOIRE;553191;88673;16.03;464518;83.97;27263;4.93;5.87;437255;79.04;94.13;M;HOLLANDE;François;213611;38.61;48.85;M;SARKOZY;Nicolas;223644;40.43;51.15
50;MANCHE;375776;62879;16.73;312897;83.27;18300;4.87;5.85;294597;78.4;94.15;M;HOLLANDE;François;147006;39.12;49.9;M;SARKOZY;Nicolas;147591;39.28;50.1
51;MARNE;382133;80808;21.15;301325;78.85;19009;4.97;6.31;282316;73.88;93.69;M;HOLLANDE;François;126156;33.01;44.69;M;SARKOZY;Nicolas;156160;40.87;55.31
52;HAUTE MARNE;138781;27431;19.77;111350;80.23;8300;5.98;7.45;103050;74.25;92.55;M;HOLLANDE;François;46965;33.84;45.57;M;SARKOZY;Nicolas;56085;40.41;54.43
53;MAYENNE;221494;35431;16;186063;84;11494;5.19;6.18;174569;78.81;93.82;M;HOLLANDE;François;81922;36.99;46.93;M;SARKOZY;Nicolas;92647;41.83;53.07
54;MEURTHE ET MOSELLE;495452;100447;20.27;395005;79.73;24448;4.93;6.19;370557;74.79;93.81;M;HOLLANDE;François;196628;39.69;53.06;M;SARKOZY;Nicolas;173929;35.11;46.94
55;MEUSE;140113;25824;18.43;114289;81.57;8531;6.09;7.46;105758;75.48;92.54;M;HOLLANDE;François;48860;34.87;46.2;M;SARKOZY;Nicolas;56898;40.61;53.8
56;MORBIHAN;555655;85419;15.37;470236;84.63;27095;4.88;5.76;443141;79.75;94.24;M;HOLLANDE;François;229248;41.26;51.73;M;SARKOZY;Nicolas;213893;38.49;48.27
57;MOSELLE;745761;163291;21.9;582470;78.1;37821;5.07;6.49;544649;73.03;93.51;M;HOLLANDE;François;253281;33.96;46.5;M;SARKOZY;Nicolas;291368;39.07;53.5
58;NIEVRE;164915;31090;18.85;133825;81.15;8980;5.45;6.71;124845;75.7;93.29;M;HOLLANDE;François;73424;44.52;58.81;M;SARKOZY;Nicolas;51421;31.18;41.19
59;NORD;1792610;396412;22.11;1396198;77.89;87043;4.86;6.23;1309155;73.03;93.77;M;HOLLANDE;François;692273;38.62;52.88;M;SARKOZY;Nicolas;616882;34.41;47.12
60;OISE;549097;106084;19.32;443013;80.68;29580;5.39;6.68;413433;75.29;93.32;M;HOLLANDE;François;195701;35.64;47.34;M;SARKOZY;Nicolas;217732;39.65;52.66
61;ORNE;212505;36060;16.97;176445;83.03;11779;5.54;6.68;164666;77.49;93.32;M;HOLLANDE;François;77579;36.51;47.11;M;SARKOZY;Nicolas;87087;40.98;52.89
62;PAS DE CALAIS;1083666;220612;20.36;863054;79.64;61936;5.72;7.18;801118;73.93;92.82;M;HOLLANDE;François;450103;41.54;56.18;M;SARKOZY;Nicolas;351015;32.39;43.82
63;PUY DE DOME;449281;72953;16.24;376328;83.76;24736;5.51;6.57;351592;78.26;93.43;M;HOLLANDE;François;212597;47.32;60.47;M;SARKOZY;Nicolas;138995;30.94;39.53
64;PYRENEES ATLANTIQUES;488982;79868;16.33;409114;83.67;25776;5.27;6.3;383338;78.4;93.7;M;HOLLANDE;François;218964;44.78;57.12;M;SARKOZY;Nicolas;164374;33.62;42.88
65;HAUTES PYRENEES;177439;29155;16.43;148284;83.57;9313;5.25;6.28;138971;78.32;93.72;M;HOLLANDE;François;86809;48.92;62.47;M;SARKOZY;Nicolas;52162;29.4;37.53
66;PYRENEES ORIENTALES;329293;58614;17.8;270679;82.2;18386;5.58;6.79;252293;76.62;93.21;M;HOLLANDE;François;127625;38.76;50.59;M;SARKOZY;Nicolas;124668;37.86;49.41
67;BAS RHIN;748128;148400;19.84;599728;80.16;33826;4.52;5.64;565902;75.64;94.36;M;HOLLANDE;François;206891;27.65;36.56;M;SARKOZY;Nicolas;359011;47.99;63.44
68;HAUT RHIN;519575;103638;19.95;415937;80.05;26678;5.13;6.41;389259;74.92;93.59;M;HOLLANDE;François;142724;27.47;36.67;M;SARKOZY;Nicolas;246535;47.45;63.33
69;RHONE;1100976;207138;18.81;893838;81.19;41569;3.78;4.65;852269;77.41;95.35;M;HOLLANDE;François;408899;37.14;47.98;M;SARKOZY;Nicolas;443370;40.27;52.02
70;HAUTE SAONE;180598;29758;16.48;150840;83.52;12525;6.94;8.3;138315;76.59;91.7;M;HOLLANDE;François;68656;38.02;49.64;M;SARKOZY;Nicolas;69659;38.57;50.36
71;SAONE ET LOIRE;409846;76591;18.69;333255;81.31;23261;5.68;6.98;309994;75.64;93.02;M;HOLLANDE;François;160751;39.22;51.86;M;SARKOZY;Nicolas;149243;36.41;48.14
72;SARTHE;406896;74708;18.36;332188;81.64;22759;5.59;6.85;309429;76.05;93.15;M;HOLLANDE;François;162975;40.05;52.67;M;SARKOZY;Nicolas;146454;35.99;47.33
73;SAVOIE;298887;52579;17.59;246308;82.41;15389;5.15;6.25;230919;77.26;93.75;M;HOLLANDE;François;108686;36.36;47.07;M;SARKOZY;Nicolas;122233;40.9;52.93
74;HAUTE SAVOIE;504553;94000;18.63;410553;81.37;23003;4.56;5.6;387550;76.81;94.4;M;HOLLANDE;François;154622;30.65;39.9;M;SARKOZY;Nicolas;232928;46.17;60.1
75;PARIS;1253919;212870;16.98;1041049;83.02;33088;2.64;3.18;1007961;80.38;96.82;M;HOLLANDE;François;560461;44.7;55.6;M;SARKOZY;Nicolas;447500;35.69;44.4
76;SEINE MARITIME;876129;165499;18.89;710630;81.11;43357;4.95;6.1;667273;76.16;93.9;M;HOLLANDE;François;366616;41.84;54.94;M;SARKOZY;Nicolas;300657;34.32;45.06
77;SEINE ET MARNE;843992;164253;19.46;679739;80.54;39016;4.62;5.74;640723;75.92;94.26;M;HOLLANDE;François;315576;37.39;49.25;M;SARKOZY;Nicolas;325147;38.52;50.75
78;YVELINES;926633;164228;17.72;762405;82.28;33643;3.63;4.41;728762;78.65;95.59;M;HOLLANDE;François;333079;35.95;45.7;M;SARKOZY;Nicolas;395683;42.7;54.3
79;DEUX SEVRES;270641;42772;15.8;227869;84.2;13484;4.98;5.92;214385;79.21;94.08;M;HOLLANDE;François;122858;45.4;57.31;M;SARKOZY;Nicolas;91527;33.82;42.69
80;SOMME;409366;73189;17.88;336177;82.12;22754;5.56;6.77;313423;76.56;93.23;M;HOLLANDE;François;170529;41.66;54.41;M;SARKOZY;Nicolas;142894;34.91;45.59
81;TARN;283870;41760;14.71;242110;85.29;16866;5.94;6.97;225244;79.35;93.03;M;HOLLANDE;François;125133;44.08;55.55;M;SARKOZY;Nicolas;100111;35.27;44.45
82;TARN ET GARONNE;175337;26661;15.21;148676;84.79;9783;5.58;6.58;138893;79.21;93.42;M;HOLLANDE;François;71186;40.6;51.25;M;SARKOZY;Nicolas;67707;38.62;48.75
83;VAR;757310;141483;18.68;615827;81.32;33977;4.49;5.52;581850;76.83;94.48;M;HOLLANDE;François;217384;28.7;37.36;M;SARKOZY;Nicolas;364466;48.13;62.64
84;VAUCLUSE;388058;68933;17.76;319125;82.24;20086;5.18;6.29;299039;77.06;93.71;M;HOLLANDE;François;130281;33.57;43.57;M;SARKOZY;Nicolas;168758;43.49;56.43
85;VENDEE;488788;73119;14.96;415669;85.04;24499;5.01;5.89;391170;80.03;94.11;M;HOLLANDE;François;173686;35.53;44.4;M;SARKOZY;Nicolas;217484;44.49;55.6
86;VIENNE;303613;52472;17.28;251141;82.72;15410;5.08;6.14;235731;77.64;93.86;M;HOLLANDE;François;134754;44.38;57.16;M;SARKOZY;Nicolas;100977;33.26;42.84
87;HAUTE VIENNE;264859;40843;15.42;224016;84.58;15454;5.83;6.9;208562;78.74;93.1;M;HOLLANDE;François;133467;50.39;63.99;M;SARKOZY;Nicolas;75095;28.35;36.01
88;VOSGES;285407;51553;18.06;233854;81.94;19079;6.68;8.16;214775;75.25;91.84;M;HOLLANDE;François;105371;36.92;49.06;M;SARKOZY;Nicolas;109404;38.33;50.94
89;YONNE;245241;46892;19.12;198349;80.88;13617;5.55;6.87;184732;75.33;93.13;M;HOLLANDE;François;86610;35.32;46.88;M;SARKOZY;Nicolas;98122;40.01;53.12
90;TERRITOIRE DE BELFORT;94858;17995;18.97;76863;81.03;5874;6.19;7.64;70989;74.84;92.36;M;HOLLANDE;François;35866;37.81;50.52;M;SARKOZY;Nicolas;35123;37.03;49.48
91;ESSONNE;767568;140116;18.25;627452;81.75;32930;4.29;5.25;594522;77.46;94.75;M;HOLLANDE;François;317663;41.39;53.43;M;SARKOZY;Nicolas;276859;36.07;46.57
92;HAUTS DE SEINE;939121;162051;17.26;777070;82.74;31126;3.31;4.01;745944;79.43;95.99;M;HOLLANDE;François;369128;39.31;49.48;M;SARKOZY;Nicolas;376816;40.12;50.52
93;SEINE SAINT-DENIS;740925;174541;23.56;566384;76.44;25562;3.45;4.51;540822;72.99;95.49;M;HOLLANDE;François;353260;47.68;65.32;M;SARKOZY;Nicolas;187562;25.31;34.68
94;VAL DE MARNE;767965;150029;19.54;617936;80.46;27689;3.61;4.48;590247;76.86;95.52;M;HOLLANDE;François;333347;43.41;56.48;M;SARKOZY;Nicolas;256900;33.45;43.52
95;VAL D'OISE;704950;140400;19.92;564550;80.08;27489;3.9;4.87;537061;76.18;95.13;M;HOLLANDE;François;289520;41.07;53.91;M;SARKOZY;Nicolas;247541;35.11;46.09
ZA;GUADELOUPE;298169;112867;37.85;185302;62.15;13294;4.46;7.17;172008;57.69;92.83;M;HOLLANDE;François;123737;41.5;71.94;M;SARKOZY;Nicolas;48271;16.19;28.06
ZB;MARTINIQUE;302712;121764;40.22;180948;59.78;13592;4.49;7.51;167356;55.29;92.49;M;HOLLANDE;François;114527;37.83;68.43;M;SARKOZY;Nicolas;52829;17.45;31.57
ZC;GUYANE;77089;32988;42.79;44101;57.21;2391;3.1;5.42;41710;54.11;94.58;M;HOLLANDE;François;25880;33.57;62.05;M;SARKOZY;Nicolas;15830;20.53;37.95
ZD;LA REUNION;578355;156961;27.14;421394;72.86;21165;3.66;5.02;400229;69.2;94.98;M;HOLLANDE;François;286109;49.47;71.49;M;SARKOZY;Nicolas;114120;19.73;28.51
ZM;MAYOTTE;77544;37262;48.05;40282;51.95;1660;2.14;4.12;38622;49.81;95.88;M;HOLLANDE;François;18946;24.43;49.05;M;SARKOZY;Nicolas;19676;25.37;50.95
ZN;NOUVELLE CALEDONIE;165338;64168;38.81;101170;61.19;3159;1.91;3.12;98011;59.28;96.88;M;HOLLANDE;François;36239;21.92;36.97;M;SARKOZY;Nicolas;61772;37.36;63.03
ZP;POLYNESIE FRANCAISE;186938;76756;41.06;110182;58.94;10624;5.68;9.64;99558;53.26;90.36;M;HOLLANDE;François;46733;25;46.94;M;SARKOZY;Nicolas;52825;28.26;53.06
ZS;SAINT PIERRE ET MIQUELON;4922;1531;31.11;3391;68.89;206;4.19;6.07;3185;64.71;93.93;M;HOLLANDE;François;2080;42.26;65.31;M;SARKOZY;Nicolas;1105;22.45;34.69
ZW;WALLIS-ET-FUTUNA;8942;2104;23.53;6838;76.47;69;0.77;1.01;6769;75.7;98.99;M;HOLLANDE;François;3795;42.44;56.06;M;SARKOZY;Nicolas;2974;33.26;43.94
ZX;SAINT-MARTIN/SAINT-BARTHELEMY;22686;12779;56.33;9907;43.67;415;1.83;4.19;9492;41.84;95.81;M;HOLLANDE;François;3851;16.98;40.57;M;SARKOZY;Nicolas;5641;24.87;59.43
ZZ;FRANCAIS DE L'ETRANGER;1078579;623669;57.82;454910;42.18;9748;0.9;2.14;445162;41.27;97.86;M;HOLLANDE;François;209002;19.38;46.95;M;SARKOZY;Nicolas;236160;21.9;53.05
;;46066307
