Résultats - Tour 2;;;;Résultats à 01h30 - Toutes les commissions de recensement des votes n'ont pas terminé leur travail
France entière
.;Nombre;%ins;%vot;;Candidat;Voix;%_ins;%_exp
Inscrits;46837183;;;;M. MACRON Emmanuel;20469798;43.7;65.86
Abstentions;11700770;24.98;;;Mme LE PEN Marine;10611091;22.66;34.14
Votants;35136413;75.02;;;;31080889
Blancs;2996170;6.4;8.53
Nuls;1059354;2.26;3.01
Exprimés;31080889;66.36;88.46;;inclus une partie des Français établis hors de France
Métropole
.;Nombre;%ins;%vot;;Candidat;Voix;%_ins;%_exp
Inscrits;44430513;;;;M. MACRON Emmanuel;19687475;44.31;65.72
Abstentions;10547168;23.74;;;Mme LE PEN Marine;10269447;23.11;34.28
Votants;33883345;76.26;;;;29956922
Blancs;2922794;6.58;8.63
Nuls;1003629;2.26;2.96
Exprimés;29956922;67.42;88.41
Outre-mer
.;Nombre;%ins;%vot;;Candidat;Voix;%_ins;%_exp
Inscrits;1873087;;;;M. MACRON Emmanuel;569819;30.42;64.39
Abstentions;869191;46.4;;;Mme LE PEN Marine;315069;16.82;35.61
Votants;1003896;53.6;;;;884888
Blancs;65288;3.49;6.5
Nuls;53720;2.87;5.35
Exprimés;884888;47.24;88.15
